date,location,id,url,name
"September 22, 2018","Sao Paulo, Sao Paulo, Brazil",0,http://www.fightmetric.com/event-details/852454c572675334,UFC Fight Night: Marreta vs. Anders
"September 15, 2018","Moscow, Moscow, Russia",1,http://www.fightmetric.com/event-details/8d49545dadf9b919,UFC Fight Night: Hunt vs. Oleinik
"September 08, 2018","Dallas, Texas, USA",2,http://www.fightmetric.com/event-details/d5ae8074631762fc,UFC 228: Woodley vs. Till
"August 25, 2018","Lincoln, Nebraska, USA",3,http://www.fightmetric.com/event-details/c0342805a1948cbb,UFC Fight Night: Gaethje vs. Vick
"August 04, 2018","Los Angeles, California, USA",4,http://www.fightmetric.com/event-details/03b1e846b09f721d,UFC 227: Dillashaw vs. Garbrandt 2
"July 28, 2018","Calgary, Alberta, Canada",5,http://www.fightmetric.com/event-details/322a56923b396b4d,UFC Fight Night: Alvarez vs. Poirier 2
"July 22, 2018","Hamburg, Hamburg, Germany",6,http://www.fightmetric.com/event-details/4f732e58ed907eff,UFC Fight Night: Shogun vs. Smith
"July 14, 2018","Boise, Idaho, USA",7,http://www.fightmetric.com/event-details/b45d6b73f4ca4467,UFC Fight Night: Dos Santos vs. Ivanov
"July 07, 2018","Las Vegas, Nevada, USA",8,http://www.fightmetric.com/event-details/35585d970300d45a,UFC 226: Miocic vs. Cormier
"July 06, 2018","Las Vegas, Nevada, USA",9,http://www.fightmetric.com/event-details/8215e4fe24e8e81b,UFC - TUF 27 Finale
"June 23, 2018","Kallang, Singapore",10,http://www.fightmetric.com/event-details/ac5f67109accb482,UFC Fight Night: Cowboy vs. Edwards
"June 09, 2018","Chicago, Illinois, USA",11,http://www.fightmetric.com/event-details/2eae41f61776c60f,UFC 225: Whittaker vs. Romero 2
"June 01, 2018","Utica, New York, USA",12,http://www.fightmetric.com/event-details/d29b5c4f22c6357d,UFC Fight Night: Rivera vs. Moraes
"May 27, 2018","Liverpool, England, United Kingdom",13,http://www.fightmetric.com/event-details/f5990c11974d8e9c,UFC Fight Night: Thompson vs. Till
"May 19, 2018","Santiago, Chile",14,http://www.fightmetric.com/event-details/3144121470023e9a,UFC Fight Night: Maia vs. Usman
"May 12, 2018","Rio de Janeiro, Rio de Janeiro, Brazil",15,http://www.fightmetric.com/event-details/67ec58d7cf599835,UFC 224: Nunes vs. Pennington
"April 21, 2018","Atlantic City, New Jersey, USA",16,http://www.fightmetric.com/event-details/ad99fa5325519169,UFC Fight Night: Barboza vs. Lee
"April 14, 2018","Glendale, Arizona, USA",17,http://www.fightmetric.com/event-details/620be7e0712d431b,UFC Fight Night: Poirier vs. Gaethje
"April 07, 2018","Brooklyn, New York, USA",18,http://www.fightmetric.com/event-details/49e7e05f902479ca,UFC 223: Khabib vs. Iaquinta
"March 17, 2018","London, England, United Kingdom",19,http://www.fightmetric.com/event-details/eed2b71d77d95416,UFC Fight Night: Werdum vs. Volkov
"March 03, 2018","Las Vegas, Nevada, USA",20,http://www.fightmetric.com/event-details/7929be8290289a47,UFC 222: Cyborg vs. Kunitskaya
"February 24, 2018","Orlando, Florida, USA",21,http://www.fightmetric.com/event-details/daa89f01e1c0f42a,UFC Fight Night: Emmett vs. Stephens
"February 18, 2018","Austin, Texas, USA",22,http://www.fightmetric.com/event-details/d181689653115b6a,UFC Fight Night: Cerrone vs. Medeiros
"February 10, 2018","Perth, Western Australia, Australia",23,http://www.fightmetric.com/event-details/15515e797aedc137,UFC 221: Romero vs. Rockhold
"February 03, 2018","Belem, Para, Brazil",24,http://www.fightmetric.com/event-details/7cf20446453f852b,UFC Fight Night: Machida vs. Anders
"January 27, 2018","Charlotte, North Carolina, USA",25,http://www.fightmetric.com/event-details/602bb270f2bdbf02,UFC Fight Night: Jacare vs. Brunson 2
"January 20, 2018","Boston, Massachusetts, USA",26,http://www.fightmetric.com/event-details/02177caefe7c07d4,UFC 220: Miocic vs. Ngannou
"January 14, 2018","St. Louis, Missouri, USA",27,http://www.fightmetric.com/event-details/fc1868f56d3036eb,UFC Fight Night: Stephens vs. Choi
"December 30, 2017","Las Vegas, Nevada, USA",28,http://www.fightmetric.com/event-details/04076783ca83d6ae,UFC 219: Cyborg vs. Holm
"December 16, 2017","Winnipeg, Manitoba, Canada",29,http://www.fightmetric.com/event-details/eaa0a728cc91ef60,UFC Fight Night: Lawler vs. Dos Anjos
"December 09, 2017","Fresno, California, USA",30,http://www.fightmetric.com/event-details/bcd124bcd3d5be46,UFC Fight Night: Swanson vs. Ortega
"December 02, 2017","Detroit, Michigan, USA",31,http://www.fightmetric.com/event-details/9e30f69cc0869301,UFC 218: Holloway vs. Aldo 2
"December 01, 2017","Las Vegas, Nevada, USA",32,http://www.fightmetric.com/event-details/30e8b4505f5ccf92,The Ultimate Fighter 26 Finale
"November 25, 2017","Shanghai, Hebei, China",33,http://www.fightmetric.com/event-details/e7bc606d269896aa,UFC Fight Night: Bisping vs. Gastelum
"November 18, 2017","Sydney, New South Wales, Australia",34,http://www.fightmetric.com/event-details/caced97768818230,UFC Fight Night: Werdum vs. Tybura
"November 11, 2017","Norfolk, Virginia, USA",35,http://www.fightmetric.com/event-details/d856a0080ac09ed7,UFC Fight Night: Poirier vs. Pettis
"November 04, 2017","New York City, New York, USA",36,http://www.fightmetric.com/event-details/a25b71fe5e31fa97,UFC 217: Bisping vs. St-Pierre
"October 28, 2017","Sao Paulo, Sao Paulo, Brazil",37,http://www.fightmetric.com/event-details/a7724f51e32e763e,UFC Fight Night: Brunson vs. Machida
"October 21, 2017","Gdansk, Poland",38,http://www.fightmetric.com/event-details/d6b68eaf4b68b160,UFC Fight Night: Cerrone vs. Till
"October 07, 2017","Las Vegas, Nevada, USA",39,http://www.fightmetric.com/event-details/cc5834a495d1ea08,UFC 216: Ferguson vs. Lee
"September 22, 2017","Saitama, Saitama, Japan",40,http://www.fightmetric.com/event-details/9211aae062b799d6,UFC Fight Night: Saint Preux vs. Okami
"September 16, 2017","Pittsburgh, Pennsylvania, USA",41,http://www.fightmetric.com/event-details/1979c80150f630c4,UFC Fight Night: Rockhold vs. Branch
"September 09, 2017","Edmonton, Alberta, Canada",42,http://www.fightmetric.com/event-details/d86e913c548c07c2,UFC 215: Nunes vs Shevchenko 2
"September 02, 2017","Rotterdam, Zuid-Holland, Netherlands",43,http://www.fightmetric.com/event-details/a3244e3238541482,UFC Fight Night: Volkov vs. Struve
"August 05, 2017","Mexico City, Distrito Federal, Mexico",44,http://www.fightmetric.com/event-details/f4a031ac205ac580,UFC Fight Night: Pettis vs. Moreno
"July 29, 2017","Anaheim, California, USA",45,http://www.fightmetric.com/event-details/ff9578cdbfabd323,UFC 214: Cormier vs. Jones 2
"July 22, 2017","Uniondale, New York, USA",46,http://www.fightmetric.com/event-details/9f3d6ddef3d3cccc,UFC Fight Night: Weidman vs. Gastelum
"July 16, 2017","Glasgow, Scotland, United Kingdom",47,http://www.fightmetric.com/event-details/d7907a9a968e4d29,UFC Fight Night: Nelson vs. Ponzinibbio
"July 08, 2017","Las Vegas, Nevada, USA",48,http://www.fightmetric.com/event-details/686cccbf1a4de453,UFC 213: Romero vs. Whittaker
"July 07, 2017","Las Vegas, Nevada, USA",49,http://www.fightmetric.com/event-details/23bd78c3f89bdb54,The Ultimate Fighter 25 Finale
"June 25, 2017","Oklahoma City, Oklahoma, USA",50,http://www.fightmetric.com/event-details/99bf06f20491cb54,UFC Fight Night: Chiesa vs. Lee
"June 17, 2017","Kallang, Singapore",51,http://www.fightmetric.com/event-details/353de740bb6c7e75,UFC Fight Night: Holm vs. Correia
"June 10, 2017","Auckland, New Zealand",52,http://www.fightmetric.com/event-details/90e7447d8b7f3f35,UFC Fight Night: Lewis vs. Hunt
"June 03, 2017","Rio de Janeiro, Rio de Janeiro, Brazil",53,http://www.fightmetric.com/event-details/1507214bbc7a79e2,UFC 212: Aldo vs. Holloway
"May 28, 2017","Stockholm, Sweden",54,http://www.fightmetric.com/event-details/1c7cce2f5c17160d,UFC Fight Night: Gustafsson vs. Teixeira
"May 13, 2017","Dallas, Texas, USA",55,http://www.fightmetric.com/event-details/5df10509264586e5,UFC 211: Miocic vs. Dos Santos
"April 22, 2017","Nashville, Tennessee, USA",56,http://www.fightmetric.com/event-details/bc7f7f0ba3db74d2,UFC Fight Night: Swanson vs. Lobov
"April 15, 2017","Kansas City, Missouri, USA",57,http://www.fightmetric.com/event-details/ed069a95aaaf4f56,UFC Fight Night: Johnson vs. Reis
"April 08, 2017","Buffalo, New York, USA",58,http://www.fightmetric.com/event-details/e7bfdb5e0112891e,UFC 210: Cormier vs. Johnson 2
"March 18, 2017","London, England, United Kingdom",59,http://www.fightmetric.com/event-details/c0231720fe516994,UFC Fight Night: Manuwa vs. Anderson
"March 11, 2017","Fortaleza, Ceara, Brazil",60,http://www.fightmetric.com/event-details/47b7e4e60813b7b2,UFC Fight Night: Belfort vs. Gastelum
"March 04, 2017","Las Vegas, Nevada, USA",61,http://www.fightmetric.com/event-details/20e403a1acfef130,UFC 209: Woodley vs. Thompson 2
"February 19, 2017","Halifax, Nova Scotia, Canada",62,http://www.fightmetric.com/event-details/b4ad3a06ee4d660c,UFC Fight Night: Lewis vs. Browne
"February 11, 2017","Brooklyn, New York, USA",63,http://www.fightmetric.com/event-details/865aa315ea62c511,UFC 208: Holm vs. De Randamie
"February 04, 2017","Houston, Texas, USA",64,http://www.fightmetric.com/event-details/6a8a06b542e1516d,UFC Fight Night: Bermudez vs. The Korean Zombie
"January 28, 2017","Denver, Colorado, USA",65,http://www.fightmetric.com/event-details/4512e46543b960ad,UFC Fight Night: Shevchenko vs. Pena
"January 15, 2017","Phoenix, Arizona, USA",66,http://www.fightmetric.com/event-details/46effbd1135423c5,UFC Fight Night: Rodriguez vs. Penn
"December 30, 2016","Las Vegas, Nevada, USA",67,http://www.fightmetric.com/event-details/4b2390cfaceb91d8,UFC 207: Nunes vs. Rousey
"December 17, 2016","Sacramento, California, USA",68,http://www.fightmetric.com/event-details/32541eb5d12668b4,UFC Fight Night: VanZant vs. Waterson
"December 10, 2016","Toronto, Ontario, Canada",69,http://www.fightmetric.com/event-details/6e3282d57d2467a0,UFC 206: Holloway vs. Pettis
"December 09, 2016","Albany, New York, USA",70,http://www.fightmetric.com/event-details/7139cd2ae4bf6a29,UFC Fight Night: Lewis vs. Abdurakhimov
"December 03, 2016","Las Vegas, Nevada, USA",71,http://www.fightmetric.com/event-details/bd4389b71fdc0ce2,The Ultimate Fighter 24 Finale
"November 26, 2016","Melbourne, Victoria, Australia",72,http://www.fightmetric.com/event-details/73e09f837f3b5ecc,UFC Fight Night: Whittaker vs. Brunson
"November 19, 2016","Sao Paulo, Sao Paulo, Brazil",73,http://www.fightmetric.com/event-details/5cde96e0a1a1fffe,UFC Fight Night: Bader vs. Nogueira
"November 19, 2016","Belfast, Northern Ireland, United Kingdom",74,http://www.fightmetric.com/event-details/6810d8d2dd557cf9,UFC Fight Night: Mousasi vs. Hall 2
"November 12, 2016","New York City, New York, USA",75,http://www.fightmetric.com/event-details/4956f60b7fa57c1a,UFC 205: Alvarez vs McGregor
"November 05, 2016","Mexico City, Distrito Federal, Mexico",76,http://www.fightmetric.com/event-details/6083f497c22cc075,UFC Fight Night: Dos Anjos vs. Ferguson
"October 08, 2016","Manchester, England, United Kingdom",77,http://www.fightmetric.com/event-details/154a6b3ffae264cd,UFC 204: Bisping vs. Henderson
"October 01, 2016","Portland, Oregon, USA",78,http://www.fightmetric.com/event-details/a196332ee4aa8a82,UFC Fight Night: Lineker vs. Dodson
"September 24, 2016","Brasilia, Distrito Federal, Brazil",79,http://www.fightmetric.com/event-details/e18012194473e8b0,UFC Fight Night: Cyborg vs. Lansberg
"September 17, 2016","Hidalgo, Texas, USA",80,http://www.fightmetric.com/event-details/d6455cb4bee503ce,UFC Fight Night: Poirier vs. Johnson
"September 10, 2016","Cleveland, Ohio, USA",81,http://www.fightmetric.com/event-details/2dc7f1762dc0a7ef,UFC 203: Miocic vs. Overeem
"September 03, 2016","Hamburg, Hamburg, Germany",82,http://www.fightmetric.com/event-details/2b4faacc16d66898,UFC Fight Night: Arlovski vs. Barnett
"August 27, 2016","Vancouver, British Columbia, Canada",83,http://www.fightmetric.com/event-details/cfbccfed4e4796fe,UFC Fight Night: Maia vs. Condit
"August 20, 2016","Las Vegas, Nevada, USA",84,http://www.fightmetric.com/event-details/5da4e8dc02e50ac0,UFC 202: Diaz vs. McGregor 2
"August 06, 2016","Salt Lake City, Utah, USA",85,http://www.fightmetric.com/event-details/232c582f29f8f65e,UFC Fight Night: Rodriguez vs. Caceres
"July 30, 2016","Atlanta, Georgia, USA",86,http://www.fightmetric.com/event-details/72cbe507644a587c,UFC 201: Lawler vs. Woodley
"July 23, 2016","Chicago, Illinois, USA",87,http://www.fightmetric.com/event-details/8a028648f3f0761d,UFC Fight Night: Holm vs. Shevchenko
"July 13, 2016","Sioux Falls, South Dakota, USA",88,http://www.fightmetric.com/event-details/5e7a28f20927d64a,UFC Fight Night: McDonald vs. Lineker
"July 09, 2016","Las Vegas, Nevada, USA",89,http://www.fightmetric.com/event-details/aa5b4eff51bdc7d1,UFC 200: Tate vs Nunes
"July 08, 2016","Las Vegas, Nevada, USA",90,http://www.fightmetric.com/event-details/cd42bbe8887bba90,The Ultimate Fighter 23 Finale
"July 07, 2016","Las Vegas, Nevada, USA",91,http://www.fightmetric.com/event-details/45a2ba3ef82b9700,UFC Fight Night: Dos Anjos vs. Alvarez
"June 18, 2016","Ottawa, Ontario, Canada",92,http://www.fightmetric.com/event-details/563d051c9e769b24,UFC Fight Night: MacDonald vs Thompson
"June 04, 2016","Los Angeles, California, USA",93,http://www.fightmetric.com/event-details/ff4c3ab594c7fac3,UFC 199: Rockhold vs. Bisping 2
"May 29, 2016","Las Vegas, Nevada, USA",94,http://www.fightmetric.com/event-details/990060b2a68a7b82,UFC Fight Night: Almeida vs Garbrandt
"May 14, 2016","Curitiba, Parana, Brazil",95,http://www.fightmetric.com/event-details/a4bf17bd3ba3423b,UFC 198: Werdum vs Miocic
"May 08, 2016","Rotterdam, Zuid-Holland, Netherlands",96,http://www.fightmetric.com/event-details/a314687f372b2cec,UFC Fight Night: Overeem vs Arlovski
"April 23, 2016","Las Vegas, Nevada, USA",97,http://www.fightmetric.com/event-details/3d481aa374c954a1,UFC 197: Jones vs Saint Preux
"April 16, 2016","Tampa, Florida, USA",98,http://www.fightmetric.com/event-details/e7e970d508529bf3,UFC Fight Night: Teixeira vs Evans
"April 10, 2016","Zagreb, Croatia",99,http://www.fightmetric.com/event-details/4887e5bc4dbb73ff,UFC Fight Night: Rothwell vs Dos Santos
"March 19, 2016","Brisbane, Queensland, Australia",100,http://www.fightmetric.com/event-details/e60201cfab7d656d,UFC Fight Night: Hunt vs Mir
"March 05, 2016","Las Vegas, Nevada, USA",101,http://www.fightmetric.com/event-details/db1f2ed63b54b9a7,UFC 196: McGregor vs Diaz
"February 27, 2016","London, England, United Kingdom",102,http://www.fightmetric.com/event-details/39c568f8c579913e,UFC Fight Night: Silva vs Bisping
"February 21, 2016","Pittsburgh, Pennsylvania, USA",103,http://www.fightmetric.com/event-details/d56bb6dff2ae77eb,UFC Fight Night: Cowboy vs Cowboy
"February 06, 2016","Las Vegas, Nevada, USA",104,http://www.fightmetric.com/event-details/de99da2c0d18d34a,UFC Fight Night: Hendricks vs Thompson
"January 30, 2016","Newark, New Jersey, USA",105,http://www.fightmetric.com/event-details/b3fb8d2293e17a59,UFC Fight Night: Johnson vs. Bader
"January 17, 2016","Boston, Massachusetts, USA",106,http://www.fightmetric.com/event-details/c6becb722706c7d8,UFC Fight Night: Dillashaw vs Cruz
"January 02, 2016","Las Vegas, Nevada, USA",107,http://www.fightmetric.com/event-details/380e8b023290d091,UFC 195: Lawler vs Condit
"December 19, 2015","Orlando, Florida, USA",108,http://www.fightmetric.com/event-details/80d918336163b80c,UFC on FOX: Dos Anjos vs. Cowboy 2
"December 12, 2015","Las Vegas, Nevada, USA",109,http://www.fightmetric.com/event-details/354808cf38d9d73c,UFC 194: Aldo vs McGregor
"December 11, 2015","Las Vegas, Nevada, USA",110,http://www.fightmetric.com/event-details/20fbff570c678e1c,The Ultimate Fighter 22 Finale
"December 10, 2015","Las Vegas, Nevada, USA",111,http://www.fightmetric.com/event-details/dd39f1ca787a3d9d,UFC Fight Night: Namajunas vs. VanZant
"November 28, 2015","Seoul, South Korea",112,http://www.fightmetric.com/event-details/4d636c3aa1105950,UFC Fight Night: Henderson vs Masvidal
"November 21, 2015","Monterrey, Nuevo Leon, Mexico",113,http://www.fightmetric.com/event-details/243b07fc65ccbb16,UFC Fight Night: Magny vs Gastelum
"November 14, 2015","Melbourne, Victoria, Australia",114,http://www.fightmetric.com/event-details/8d04923f2db59b7f,UFC 193: Rousey vs Holm
"November 07, 2015","Sao Paulo, Sao Paulo, Brazil",115,http://www.fightmetric.com/event-details/5345f86680378fc1,UFC Fight Night: Belfort vs Henderson
"October 24, 2015","Dublin, Leinster, Ireland",116,http://www.fightmetric.com/event-details/f3155a94ca420126,UFC Fight Night: Holohan vs Smolka
"October 03, 2015","Houston, Texas, USA",117,http://www.fightmetric.com/event-details/119ebea97e914dcf,UFC 192: Cormier vs Gustafsson
"September 26, 2015","Saitama, Japan",118,http://www.fightmetric.com/event-details/a4dd5c9a75763295,UFC Fight Night: Barnett vs Nelson
"September 05, 2015","Las Vegas, Nevada, USA",119,http://www.fightmetric.com/event-details/82f5c81f4e3c3eb5,UFC 191: Johnson vs Dodson 2
"August 23, 2015","Saskatoon, Saskatchewan, Canada",120,http://www.fightmetric.com/event-details/2ce6541127b0e232,UFC Fight Night: Holloway vs Oliveira
"August 08, 2015","Nashville, Tennessee, USA",121,http://www.fightmetric.com/event-details/b71667c778b6d9e5,UFC Fight Night: Teixeira vs Saint Preux
"August 01, 2015","Rio de Janeiro, Rio de Janeiro, Brazil",122,http://www.fightmetric.com/event-details/a9c45a8b21eabadc,UFC 190: Rousey vs Correia
"July 25, 2015","Chicago, Illinois, USA",123,http://www.fightmetric.com/event-details/0c3838c8f7c620c2,UFC on Fox: Dillashaw vs. Barao II
"July 18, 2015","Glasgow, Scotland, United Kingdom",124,http://www.fightmetric.com/event-details/ef7fa30364cbe7f2,UFC Fight Night: Bisping vs Leites
"July 15, 2015","San Diego, California, USA",125,http://www.fightmetric.com/event-details/36877f0e62b25b96,UFC Fight Night: Mir vs Duffee
"July 12, 2015","Las Vegas, Nevada, USA",126,http://www.fightmetric.com/event-details/a890f9a791ed615d,The Ultimate Fighter 21 Finale
"July 11, 2015","Las Vegas, Nevada, USA",127,http://www.fightmetric.com/event-details/3be081c29bf734d9,UFC 189: Mendes vs McGregor
"June 27, 2015","Hollywood, Florida, USA",128,http://www.fightmetric.com/event-details/86e388ed20761ad9,UFC Fight Night: Machida vs Romero
"June 20, 2015","Berlin, Berlin, Germany",129,http://www.fightmetric.com/event-details/194fc025f9355db6,UFC Fight Night: Jedrzejczyk vs Penne
"June 13, 2015","Mexico City, Distrito Federal, Mexico",130,http://www.fightmetric.com/event-details/a58114c6dd0add64,UFC 188: Velasquez vs Werdum
"June 06, 2015","New Orleans, Louisiana, USA",131,http://www.fightmetric.com/event-details/06dc1a58663579d2,UFC Fight Night: Boetsch vs Henderson
"May 30, 2015","Goiania, Goias, Brazil",132,http://www.fightmetric.com/event-details/aae0897825336b1a,UFC Fight Night: Condit vs Alves
"May 23, 2015","Las Vegas, Nevada, USA",133,http://www.fightmetric.com/event-details/4f7e290e71d60f87,UFC 187: Johnson vs Cormier
"May 16, 2015","Manila, Philippines",134,http://www.fightmetric.com/event-details/b1605ea39fba6af6,UFC Fight Night: Edgar vs Faber
"May 09, 2015","Adelaide, South Australia, Australia",135,http://www.fightmetric.com/event-details/8a1b4330c7957961,UFC Fight Night: Miocic vs Hunt
"April 25, 2015","Montreal, Quebec, Canada",136,http://www.fightmetric.com/event-details/997b4f52f76a0b53,UFC 186: Johnson vs Horiguchi
"April 18, 2015","Newark, New Jersey, USA",137,http://www.fightmetric.com/event-details/bc7cf284c1c2f16e,UFC Fight Night: Machida vs Rockhold
"April 11, 2015","Krakow, Poland",138,http://www.fightmetric.com/event-details/5de61b03868035ff,UFC Fight Night: Gonzaga vs Cro Cop 2
"April 04, 2015","Fairfax, Virginia, USA",139,http://www.fightmetric.com/event-details/16d09e800ad7ec79,UFC Fight Night: Mendes vs Lamas
"March 21, 2015","Rio de Janeiro, Brazil",140,http://www.fightmetric.com/event-details/fa534853eb195270,UFC Fight Night: Maia vs LaFlare
"March 14, 2015","Dallas, Texas, USA",141,http://www.fightmetric.com/event-details/f54200f1dfb9b5d4,UFC 185: Pettis vs Dos Anjos
"February 28, 2015","Los Angeles, California, USA",142,http://www.fightmetric.com/event-details/ad4e9055bf8cd04d,UFC 184: Rousey vs Zingano
"February 22, 2015","Porto Alegre, Rio Grande do Sul, Brazil",143,http://www.fightmetric.com/event-details/0577808d22dfe79c,UFC Fight Night: Bigfoot vs Mir
"February 14, 2015","Broomfield, Colorado, USA",144,http://www.fightmetric.com/event-details/f9c7fe2682af3802,UFC Fight Night: Henderson vs Thatch
"January 31, 2015","Las Vegas, Nevada, USA",145,http://www.fightmetric.com/event-details/43563a32c3f10e95,UFC 183: Silva vs Diaz
"January 24, 2015","Stockholm, Sweden",146,http://www.fightmetric.com/event-details/706404da0775dcbc,UFC Fight Night: Gustafsson vs Johnson
"January 18, 2015","Boston, Massachusetts, USA",147,http://www.fightmetric.com/event-details/f9aa6376ae16bfb4,UFC Fight Night: McGregor vs Siver
"January 03, 2015","Las Vegas, Nevada, USA",148,http://www.fightmetric.com/event-details/a72d260b436924c4,UFC 182: Jones vs Cormier
"December 20, 2014","Barueri, Sao Paulo, Brazil",149,http://www.fightmetric.com/event-details/4e5bbc4566049cbf,UFC Fight Night: Machida vs Dollaway
"December 13, 2014","Phoenix, Arizona, USA",150,http://www.fightmetric.com/event-details/d4a12dfa4067742f,UFC Fight Night: Dos Santos vs Miocic
"December 12, 2014","Las Vegas, Nevada, USA",151,http://www.fightmetric.com/event-details/222d6b547de2e035,The Ultimate Fighter 20 Finale
"December 06, 2014","Las Vegas, Nevada, USA",152,http://www.fightmetric.com/event-details/dfdd0c5dd0d4bc23,UFC 181: Hendricks vs Lawler II
"November 22, 2014","Austin, Texas, USA",153,http://www.fightmetric.com/event-details/155a02a8b4311057,UFC Fight Night: Edgar vs Swanson
"November 15, 2014","Mexico City, Distrito Federal, Mexico",154,http://www.fightmetric.com/event-details/59851163aaf1aed8,UFC 180: Werdum vs Hunt
"November 08, 2014","Uberlandia, Minas Gerais, Brazil",155,http://www.fightmetric.com/event-details/6ca68b636fbc1f18,UFC Fight Night 56: Shogun vs Saint Preux
"November 07, 2014","Sydney, New South Wales, Australia",156,http://www.fightmetric.com/event-details/371a1c91b24dec2b,UFC Fight Night: Rockhold vs Bisping
"October 25, 2014","Rio de Janeiro, Brazil",157,http://www.fightmetric.com/event-details/53f02bbc41d99432,UFC 179: Aldo vs Mendes 2
"October 04, 2014","Halifax, Nova Scotia, Canada",158,http://www.fightmetric.com/event-details/0313bf497de9c470,UFC Fight Night: MacDonald vs Saffiedine
"October 04, 2014","Stockholm, Sweden",159,http://www.fightmetric.com/event-details/8dc4f34c1f50d00d,UFC Fight Night: Nelson vs Story
"September 27, 2014","Las Vegas, Nevada, USA",160,http://www.fightmetric.com/event-details/3bb030257966b022,UFC 178: Johnson vs Cariaso
"September 20, 2014","Saitama, Japan",161,http://www.fightmetric.com/event-details/2dea80c069847321,UFC Fight Night: Hunt vs Nelson
"September 13, 2014","Brasilia, Distrito Federal, Brazil",162,http://www.fightmetric.com/event-details/a71feb7ea7592a71,UFC Fight Night: Silva vs Arlovski
"September 05, 2014","Ledyard, Connecticut, USA",163,http://www.fightmetric.com/event-details/9bcfb40dbcd50568,UFC Fight Night: Souza vs Mousasi
"August 30, 2014","Sacramento, California, USA",164,http://www.fightmetric.com/event-details/269d103c96a4c3a5,UFC 177: Dillashaw vs Soto
"August 23, 2014","Tulsa, Oklahoma, USA",165,http://www.fightmetric.com/event-details/063649e21bc9d6d5,UFC Fight Night: Henderson vs Dos Anjos
"August 23, 2014","Macau, China",166,http://www.fightmetric.com/event-details/770b9d4813c25902,UFC Fight Night: Bisping vs Le
"August 16, 2014","Bangor, Maine, USA",167,http://www.fightmetric.com/event-details/fd7acf42bd6e7e95,UFC Fight Night: Bader vs Saint Preux
"July 26, 2014","San Jose, California, USA",168,http://www.fightmetric.com/event-details/05fbfe628658c538,UFC on Fox: Lawler vs Brown
"July 19, 2014","Dublin, Leinster, Ireland",169,http://www.fightmetric.com/event-details/073eee4e62f0d988,UFC Fight Night: McGregor vs Brandao
"July 16, 2014","Atlantic City, New Jersey, USA",170,http://www.fightmetric.com/event-details/79ded75550efc139,UFC Fight Night: Cerrone vs Miller
"July 06, 2014","Las Vegas, Nevada, USA",171,http://www.fightmetric.com/event-details/1c5879330d42255f,The Ultimate Fighter 19 Finale
"July 05, 2014","Las Vegas, Nevada, USA",172,http://www.fightmetric.com/event-details/53adf5b845d91e4a,UFC 175: Weidman vs Machida
"June 28, 2014","San Antonio, Texas, USA",173,http://www.fightmetric.com/event-details/c0ed7b208197e8de,UFC Fight Night: Swanson vs Stephens
"June 28, 2014","Auckland, New Zealand",174,http://www.fightmetric.com/event-details/ac9521250dc1a14c,UFC Fight Night: Te Huna vs Marquardt
"June 14, 2014","Vancouver, British Columbia, Canada",175,http://www.fightmetric.com/event-details/5b5307450405abf0,UFC 174: Johnson vs Bagautinov
"June 07, 2014","Albuquerque, New Mexico, USA",176,http://www.fightmetric.com/event-details/1fcfc3709fe58151,UFC Fight Night: Henderson vs Khabilov
"May 31, 2014","Sao Paulo, Brazil",177,http://www.fightmetric.com/event-details/59aaf2730b84698a,TUF Brazil Finale: Miocic vs Maldonado
"May 31, 2014","Berlin, Germany",178,http://www.fightmetric.com/event-details/b757c73f443d4fca,UFC Fight Night: Munoz vs Mousasi
"May 24, 2014","Las Vegas, Nevada, USA",179,http://www.fightmetric.com/event-details/9ca265dfe8323db3,UFC 173: Barao vs Dillashaw
"May 10, 2014","Cincinnati, Ohio, USA",180,http://www.fightmetric.com/event-details/579fcdfcabd23a7b,UFC Fight Night: Brown vs Silva
"April 26, 2014","Baltimore, Maryland, USA",181,http://www.fightmetric.com/event-details/4f2fcbefb668689d,UFC 172: Jones vs Teixeira
"April 19, 2014","Orlando, Florida, USA",182,http://www.fightmetric.com/event-details/a421465acbe59c77,UFC on Fox: Werdum vs Browne
"April 16, 2014","Quebec City, Quebec, Canada",183,http://www.fightmetric.com/event-details/f9f07bb5a43535ed,UFC Fight Night: Bisping vs Kennedy
"April 11, 2014","Abu Dhabi, United Arab Emirates",184,http://www.fightmetric.com/event-details/d632d156c0549e07,UFC Fight Night: Minotauro vs Nelson
"March 23, 2014","Natal, Rio Grande do Norte, Brazil",185,http://www.fightmetric.com/event-details/d5f820c11a121050,UFC Fight Night: Shogun vs Henderson
"March 15, 2014","Dallas, Texas, USA",186,http://www.fightmetric.com/event-details/179f1948dc234f1f,UFC 171: Hendricks vs Lawler
"March 08, 2014","London, England, United Kingdom",187,http://www.fightmetric.com/event-details/ebc1f40e00e0c481,UFC Fight Night: Gustafsson vs Manuwa
"March 01, 2014","Macau, China",188,http://www.fightmetric.com/event-details/a26198ba5093147e,UFC Fight Night: Kim vs Hathaway
"February 22, 2014","Las Vegas, Nevada, USA",189,http://www.fightmetric.com/event-details/3138fab619faf4d1,UFC 170: Rousey vs McMann
"February 15, 2014","Jaragua do Sul, Santa Catarina, Brazil",190,http://www.fightmetric.com/event-details/51b0bb73a1da34bc,UFC Fight Night: Machida vs Mousasi
"February 01, 2014","Newark, New Jersey, USA",191,http://www.fightmetric.com/event-details/fc31f896cde2bc2e,UFC 169: Barao vs Faber 2
"January 25, 2014","Chicago, Illinois, USA",192,http://www.fightmetric.com/event-details/a8d521d913df4e31,UFC on Fox: Henderson vs Thomson
"January 15, 2014","Duluth, Georgia, USA",193,http://www.fightmetric.com/event-details/30a09e43f15f1d75,UFC Fight Night: Rockhold vs Philippou
"January 04, 2014","Singapore, Singapore",194,http://www.fightmetric.com/event-details/e5c9de15bb58b1c6,UFC Fight Night: Saffiedine vs Lim
"December 28, 2013","Las Vegas, Nevada, USA",195,http://www.fightmetric.com/event-details/83d0de122f2f9664,UFC 168: Weidman vs Silva 2
"December 14, 2013","Sacramento, California, USA",196,http://www.fightmetric.com/event-details/480b702debcb5433,UFC on Fox: Johnson vs. Benavidez 2
"December 06, 2013","Brisbane, Queensland, Australia",197,http://www.fightmetric.com/event-details/ee457ef1e1c326c1,UFC Fight Night: Hunt vs Bigfoot
"November 30, 2013","Las Vegas, Nevada, USA",198,http://www.fightmetric.com/event-details/9a967e8e43dcef63,The Ultimate Fighter 18 Finale
"November 16, 2013","Las Vegas, Nevada, USA",199,http://www.fightmetric.com/event-details/28f3c2258a1d8874,UFC 167: St-Pierre vs Hendricks
"November 09, 2013","Goiania, Goias, Brazil",200,http://www.fightmetric.com/event-details/5d7c18191b8aa432,UFC Fight Night: Belfort vs Henderson
"November 06, 2013","Fort Campbell, Kentucky, USA",201,http://www.fightmetric.com/event-details/35dc6220b113b7ec,UFC Fight Night: Fight for the Troops
"October 26, 2013","Manchester, England, United Kingdom",202,http://www.fightmetric.com/event-details/60884f31ead1609c,UFC Fight Night: Machida vs Munoz
"October 19, 2013","Houston, Texas, USA",203,http://www.fightmetric.com/event-details/eae4aec1a5a8ff01,UFC 166: Velasquez vs Dos Santos 3
"October 09, 2013","Barueri, Sao Paulo, Brazil",204,http://www.fightmetric.com/event-details/43612456979e5d5e,UFC Fight Night: Maia vs Shields
"September 21, 2013","Toronto, Ontario, Canada",205,http://www.fightmetric.com/event-details/df5a77121ba84a5d,UFC 165: Jones vs Gustafsson
"September 04, 2013","Belo Horizonte, Minas Gerais, Brazil",206,http://www.fightmetric.com/event-details/b23fca14c7b79935,UFC Fight Night: Teixeira vs Bader
"August 31, 2013","Milwaukee, Wisconsin, USA",207,http://www.fightmetric.com/event-details/980b4e712489098e,UFC 164: Henderson vs Pettis 2
"August 28, 2013","Indianapolis, Indiana, USA",208,http://www.fightmetric.com/event-details/e5c38954c006f15c,UFC Fight Night: Condit vs Kampmann 2
"August 17, 2013","Boston, Massachusetts, USA",209,http://www.fightmetric.com/event-details/cf1a88371c8cb690,UFC Fight Night: Shogun vs Sonnen
"August 03, 2013","Rio de Janeiro, Brazil",210,http://www.fightmetric.com/event-details/ebc5af72ad5a28cb,UFC 163: Aldo vs Jung
"July 27, 2013","Seattle, Washington, USA",211,http://www.fightmetric.com/event-details/5330fe7e4c3af81c,UFC on Fox: Johnson vs Moraga
"July 06, 2013","Las Vegas, Nevada, USA",212,http://www.fightmetric.com/event-details/e0b74df14f52cd15,UFC 162: Silva vs Weidman
"June 15, 2013","Winnipeg, Manitoba, Canada",213,http://www.fightmetric.com/event-details/8fd1f27e86661ede,UFC 161: Evans vs Henderson
"June 08, 2013","Fortaleza, Ceara, Brazil",214,http://www.fightmetric.com/event-details/7865707fd684d77b,UFC on FUEL TV 10
"May 25, 2013","Las Vegas, Nevada, USA",215,http://www.fightmetric.com/event-details/3c241737a6069b9f,UFC 160: Velasquez vs Silva 2
"May 18, 2013","Jaragua do Sul, Santa Catarina, Brazil",216,http://www.fightmetric.com/event-details/030f08370fd1c2bb,UFC on FX: Belfort vs. Rockhold
"April 27, 2013","Newark, New Jersey, USA",217,http://www.fightmetric.com/event-details/ea0ad155451ed1f5,UFC 159: Jones vs Sonnen
"April 20, 2013","San Jose, California, USA",218,http://www.fightmetric.com/event-details/aa79d5399571068e,UFC on FOX: Henderson vs Melendez
"April 13, 2013","Las Vegas, Nevada, USA",219,http://www.fightmetric.com/event-details/ce47f49e5c386a9c,The Ultimate Fighter 17 Finale
"April 06, 2013","Stockholm, Sweden",220,http://www.fightmetric.com/event-details/6291ac0a3726732f,UFC on FUEL TV 9: Mousasi vs Latifi
"March 16, 2013","Montreal, Quebec, Canada",221,http://www.fightmetric.com/event-details/f1b2a4365799c48b,UFC 158: St-Pierre vs Diaz
"March 02, 2013","Saitama, Japan",222,http://www.fightmetric.com/event-details/83c6c3e0f8bde8ee,UFC on FUEL TV: Japan
"February 23, 2013","Anaheim, California, USA",223,http://www.fightmetric.com/event-details/09c44b317c98bf96,UFC 157: Rousey vs Carmouche
"February 16, 2013","London, England, United Kingdom",224,http://www.fightmetric.com/event-details/4679a38cced7c64a,UFC on FUEL TV: Barao vs McDonald
"February 02, 2013","Las Vegas, Nevada, USA",225,http://www.fightmetric.com/event-details/601cf40c09090853,UFC 156: Aldo vs Edgar
"January 26, 2013","Chicago, Illinois, USA",226,http://www.fightmetric.com/event-details/738acab0c6934dd8,UFC on Fox: Johnson vs Dodson
"January 19, 2013","Sao Paulo, Brazil",227,http://www.fightmetric.com/event-details/56f4b81ec4db61af,UFC on FX: Belfort vs Bisping
"December 29, 2012","Las Vegas, Nevada, USA",228,http://www.fightmetric.com/event-details/c6e6926a81adcd00,UFC 155: Dos Santos vs Velasquez II
"December 15, 2012","Las Vegas, Nevada, USA",229,http://www.fightmetric.com/event-details/c6da1c24fe473418,The Ultimate Fighter 16 Finale
"December 14, 2012","Gold Coast, Queensland, Australia",230,http://www.fightmetric.com/event-details/e8c170a64dc920ac,UFC on FX: Sotiropoulos vs Pearson
"December 08, 2012","Seattle, Washington, USA",231,http://www.fightmetric.com/event-details/d1e6a6536ee62517,UFC on Fox: Henderson vs Diaz
"November 17, 2012","Montreal, Quebec, Canada",232,http://www.fightmetric.com/event-details/d41937647eae9a34,UFC 154: St-Pierre vs Condit
"November 10, 2012","Macau, China",233,http://www.fightmetric.com/event-details/319fa1bd3176bded,UFC Macao: Franklin vs Le
"October 13, 2012","Rio de Janeiro, Brazil",234,http://www.fightmetric.com/event-details/96d173b7f92aa520,UFC 153: Silva vs Bonnar
"October 05, 2012","Minneapolis, Minnesota, USA",235,http://www.fightmetric.com/event-details/6a0b80a24f22e152,UFC on FX: Browne vs Bigfoot
"September 29, 2012","Nottingham, England, United Kingdom",236,http://www.fightmetric.com/event-details/6cbb7661c3258617,UFC on FUEL TV: Struve vs Miocic
"September 22, 2012","Toronto, Ontario, Canada",237,http://www.fightmetric.com/event-details/53e533db1b8e9712,UFC 152: Jones vs Belfort
"August 11, 2012","Denver, Colorado, USA",238,http://www.fightmetric.com/event-details/3c48019bc387b80c,UFC 150: Henderson vs Edgar II
"August 04, 2012","Los Angeles, California, USA",239,http://www.fightmetric.com/event-details/f62850b3c7480db9,UFC on FOX: Shogun vs Vera
"July 21, 2012","Calgary, Alberta, Canada",240,http://www.fightmetric.com/event-details/abbc4fc02e0d84b3,UFC 149: Faber vs Barao
"July 11, 2012","San Jose, California, USA",241,http://www.fightmetric.com/event-details/d3b5ad3b15a64a18,UFC on FUEL TV: Munoz vs Weidman
"July 07, 2012","Las Vegas, Nevada, USA",242,http://www.fightmetric.com/event-details/e8efeb9cf33b1941,UFC 148: Silva vs Sonnen 2
"June 23, 2012","Belo Horizonte, Minas Gerais, Brazil",243,http://www.fightmetric.com/event-details/3da19339ee7051d5,UFC 147: Silva vs Franklin 2
"June 22, 2012","Atlantic City, New Jersey, USA",244,http://www.fightmetric.com/event-details/505934897b8b4824,UFC on FX: Maynard vs Guida
"June 08, 2012","Sunrise, Florida, USA",245,http://www.fightmetric.com/event-details/49590e0508b2c19f,UFC on FX: Johnson vs McCall
"June 01, 2012","Las Vegas, Nevada, USA",246,http://www.fightmetric.com/event-details/96087e90d900f0ef,The Ultimate Fighter LIVE Finale
"May 26, 2012","Las Vegas, Nevada, USA",247,http://www.fightmetric.com/event-details/4985113c0928aa62,UFC 146: Dos Santos vs Mir
"May 15, 2012","Fairfax, Virginia, USA",248,http://www.fightmetric.com/event-details/8caca5857ce0e30b,UFC on FUEL TV: Korean Zombie vs Poirier
"May 05, 2012","East Rutherford, New Jersey, USA",249,http://www.fightmetric.com/event-details/5898357a45a73674,UFC on FOX: Diaz vs Miller
"April 21, 2012","Atlanta, Georgia, USA",250,http://www.fightmetric.com/event-details/155bfc7ed36622df,UFC 145: Jones vs Evans
"April 14, 2012","Stockholm, Sweden",251,http://www.fightmetric.com/event-details/21f2974fd08085e3,UFC on FUEL TV: Gustafsson vs Silva
"March 02, 2012","Sydney, New South Wales, Australia",252,http://www.fightmetric.com/event-details/b5ea750025697880,UFC on FX: Alves vs Kampmann
"February 25, 2012","Saitama, Japan",253,http://www.fightmetric.com/event-details/8377c5572cb356f3,UFC 144: Edgar vs Henderson
"February 15, 2012","Omaha, Nebraska, USA",254,http://www.fightmetric.com/event-details/0a97691039c4bbfb,UFC on FUEL TV: Sanchez vs Ellenberger
"February 04, 2012","Las Vegas, Nevada, USA",255,http://www.fightmetric.com/event-details/df2cf66d8c0123db,UFC 143: Diaz vs Condit
"January 28, 2012","Chicago, Illinois, USA",256,http://www.fightmetric.com/event-details/c3c23c99477c041b,UFC on FOX: Evans vs Davis
"January 20, 2012","Nashville, Tennessee, USA",257,http://www.fightmetric.com/event-details/4d74641fac830182,UFC on FX: Guillard vs Miller
"January 14, 2012","Rio de Janeiro, Brazil",258,http://www.fightmetric.com/event-details/18524b46c570730b,UFC 142: Aldo vs Mendes
"December 30, 2011","Las Vegas, Nevada, USA",259,http://www.fightmetric.com/event-details/91720876db0ee468,UFC 141: Lesnar vs Overeem
"December 10, 2011","Toronto, Ontario, Canada",260,http://www.fightmetric.com/event-details/6d7886b094b471ac,UFC 140: Jones vs Machida
"December 03, 2011","Las Vegas, Nevada, USA",261,http://www.fightmetric.com/event-details/1f5f75658551f2d3,The Ultimate Fighter 14 Finale: Team Bisping vs Team Miller
"November 19, 2011","San Jose, California, USA",262,http://www.fightmetric.com/event-details/0ec821423baa26bd,UFC 139: Shogun vs Henderson
"November 12, 2011","Anaheim, California, USA",263,http://www.fightmetric.com/event-details/1c061eb6e29eaa0a,UFC on Fox: Velasquez vs Dos Santos
"November 05, 2011","Birmingham, England, United Kingdom",264,http://www.fightmetric.com/event-details/e780ccc79a209985,UFC 138: Leben vs Munoz
"October 29, 2011","Las Vegas, Nevada, USA",265,http://www.fightmetric.com/event-details/8788beb528894f33,UFC 137: Penn vs Diaz
"October 08, 2011","Houston, Texas, USA",266,http://www.fightmetric.com/event-details/7d5b12de1625984e,UFC 136: Edgar vs Maynard 3
"October 01, 2011","Washington, DC, USA",267,http://www.fightmetric.com/event-details/44f9c777fed7ca03,UFC LIVE 6: Cruz vs Johnson
"September 24, 2011","Denver, Colorado, USA",268,http://www.fightmetric.com/event-details/73ef22f25d0f70e2,UFC 135: Jones vs Rampage
"September 17, 2011","New Orleans, Louisiana, USA",269,http://www.fightmetric.com/event-details/1ffc38f67785797b,UFC Fight Night Live: Shields vs Ellenberger
"August 27, 2011","Rio de Janeiro, Brazil",270,http://www.fightmetric.com/event-details/18968f97ad34f15c,UFC 134: Silva vs Okami
"August 14, 2011","Milwaukee, Wisconsin, USA",271,http://www.fightmetric.com/event-details/4c8d6fde2dde07c4,UFC LIVE 5: Hardy vs Lytle
"August 06, 2011","Philadelphia, Pennsylvania, USA",272,http://www.fightmetric.com/event-details/f1f9e48a0d150757,UFC 133: Evans vs Ortiz 2
"July 02, 2011","Las Vegas, Nevada, USA",273,http://www.fightmetric.com/event-details/83fd97284f4bb4a4,UFC 132: Cruz vs Faber
"June 26, 2011","Pittsburgh, Pennsylvania, USA",274,http://www.fightmetric.com/event-details/d023ae89a2a4a41e,UFC Live on Versus: Kongo vs Barry
"June 11, 2011","Vancouver, British Columbia, Canada",275,http://www.fightmetric.com/event-details/aac5ac38148f0528,UFC 131: Dos Santos vs Carwin
"June 04, 2011","Las Vegas, Nevada, USA",276,http://www.fightmetric.com/event-details/3ba3b5cc94498437,The Ultimate Fighter Finale: Team Lesnar vs Team Dos Santos
"May 28, 2011","Las Vegas, Nevada, USA",277,http://www.fightmetric.com/event-details/b732b326c362fb62,UFC 130: Rampage vs Hamill
"April 30, 2011","Toronto, Ontario, Canada",278,http://www.fightmetric.com/event-details/2db7fa8db6bc9632,UFC 129: St-Pierre vs Shields
"March 26, 2011","Seattle, Washington, USA",279,http://www.fightmetric.com/event-details/8a59d346dc976a10,UFC Fight Night Live: Nogueira vs Davis
"March 19, 2011","Newark, New Jersey, USA",280,http://www.fightmetric.com/event-details/1411c630ba711b64,UFC 128: Shogun vs Jones
"March 03, 2011","Louisville, Kentucky, USA",281,http://www.fightmetric.com/event-details/a54fc2d6fc224dc3,UFC on VERSUS: Sanchez vs Kampmann
"February 26, 2011","Sydney, New South Wales, Australia",282,http://www.fightmetric.com/event-details/88a9bc81271ccd89,UFC 127: Penn vs Fitch
"February 05, 2011","Las Vegas, Nevada, USA",283,http://www.fightmetric.com/event-details/65ddc8a9ac4e8531,UFC 126: Silva vs Belfort
"January 22, 2011","Killeen, Texas, USA",284,http://www.fightmetric.com/event-details/282fa667ff9c51ed,UFC Fight Night: Fight for the Troops 2
"January 01, 2011","Las Vegas, Nevada, USA",285,http://www.fightmetric.com/event-details/d1152823307d7e7c,UFC 125: Resolution
"December 11, 2010","Montreal, Quebec, Canada",286,http://www.fightmetric.com/event-details/132f860d02953f4c,UFC 124: St-Pierre vs Koscheck 2
"December 04, 2010","Las Vegas, Nevada, USA",287,http://www.fightmetric.com/event-details/5d7bdab5e03e3216,The Ultimate Fighter 12: Team GSP vs Team Koscheck
"November 20, 2010","Auburn Hills, Michigan, USA",288,http://www.fightmetric.com/event-details/dd992d569aaebee6,UFC 123: Rampage vs Machida
"November 13, 2010","Oberhausen, North Rhine-Westphalia, Germany",289,http://www.fightmetric.com/event-details/0ff11cc094e887bc,UFC 122: Marquardt vs Okami
"October 23, 2010","Anaheim, California, USA",290,http://www.fightmetric.com/event-details/afdb76fbd86f6d11,UFC 121: Lesnar vs Velasquez
"October 16, 2010","London, England, United Kingdom",291,http://www.fightmetric.com/event-details/d512d9f204059f57,UFC 120: Bisping vs Akiyama
"September 25, 2010","Indianapolis, Indiana, USA",292,http://www.fightmetric.com/event-details/ad32471f01e7b1a5,UFC 119: Mir vs Cro Cop
"September 15, 2010","Austin, Texas, USA",293,http://www.fightmetric.com/event-details/acff437707625fc7,UFC Fight Night: Marquardt vs Palhares
"August 28, 2010","Boston, Massachusetts, USA",294,http://www.fightmetric.com/event-details/054defd5420a551f,UFC 118: Edgar vs Penn 2
"August 07, 2010","Oakland, California, USA",295,http://www.fightmetric.com/event-details/2f3f12002564bb55,UFC 117: Silva vs Sonnen
"August 01, 2010","San Diego, California, USA",296,http://www.fightmetric.com/event-details/f12f979b657ab876,UFC LIVE: Jones vs Matyushenko
"July 03, 2010","Las Vegas, Nevada, USA",297,http://www.fightmetric.com/event-details/140745cbbcb023ac,UFC 116: Lesnar vs Carwin
"June 19, 2010","Las Vegas, Nevada, USA",298,http://www.fightmetric.com/event-details/9bcf8603ceb25680,The Ultimate Fighter FINALE: Team Liddell vs Team Ortiz
"June 12, 2010","Vancouver, British Columbia, Canada",299,http://www.fightmetric.com/event-details/cfb65863d5099327,UFC 115: Liddell vs Franklin
"May 29, 2010","Las Vegas, Nevada, USA",300,http://www.fightmetric.com/event-details/bfc2fc38a0e20211,UFC 114: Rampage vs Evans
"May 08, 2010","Montreal, Quebec, Canada",301,http://www.fightmetric.com/event-details/d0c29452d3272603,UFC 113: Machida vs Shogun 2
"April 10, 2010","Abu Dhabi, United Arab Emirates",302,http://www.fightmetric.com/event-details/24b033b3daf1c9df,UFC 112: Invincible
"March 31, 2010","Charlotte, North Carolina, USA",303,http://www.fightmetric.com/event-details/3ed134d85dfbd7b4,UFC Fight Night: Florian vs Gomi
"March 27, 2010","Newark, New Jersey, USA",304,http://www.fightmetric.com/event-details/c80095f6092271a7,UFC 111: St-Pierre vs Hardy
"March 21, 2010","Broomfield, Colorado, USA",305,http://www.fightmetric.com/event-details/3795fca327cbcf23,UFC on Versus: Vera vs Jones
"February 20, 2010","Sydney, New South Wales, Australia",306,http://www.fightmetric.com/event-details/49efbdc6c9f650c4,UFC 110: Nogueira vs Velasquez
"February 06, 2010","Las Vegas, Nevada, USA",307,http://www.fightmetric.com/event-details/15edcf67ccf5be84,UFC 109: Relentless
"January 11, 2010","Fairfax, Virginia, USA",308,http://www.fightmetric.com/event-details/58bc81376286b3d3,UFC Fight Night: Maynard vs Diaz
"January 02, 2010","Las Vegas, Nevada, USA",309,http://www.fightmetric.com/event-details/a6d8bfe9e0c8153b,UFC 108: Evans vs Silva
"December 12, 2009","Memphis, Tennessee, USA",310,http://www.fightmetric.com/event-details/821cd80aab70d5f9,UFC 107: Penn vs Sanchez
"December 05, 2009","Las Vegas, Nevada, USA",311,http://www.fightmetric.com/event-details/91d73ee59347ac16,The Ultimate Fighter: Heavyweights Finale
"November 21, 2009","Las Vegas, Nevada, USA",312,http://www.fightmetric.com/event-details/84a067c46306a737,UFC 106: Ortiz vs Griffin 2
"November 14, 2009","Manchester, England, United Kingdom",313,http://www.fightmetric.com/event-details/fa8b9e6b0c2269f8,UFC 105: Couture vs Vera
"October 24, 2009","Los Angeles, California, USA",314,http://www.fightmetric.com/event-details/7c0847d3854a95f2,UFC 104: Machida vs Shogun
"September 19, 2009","Dallas, Texas, USA",315,http://www.fightmetric.com/event-details/896c322f56b8be5a,UFC 103: Franklin vs Belfort
"September 16, 2009","Oklahoma City, Oklahoma, USA",316,http://www.fightmetric.com/event-details/a8ea84cbe1655f0a,UFC Fight Night: Diaz vs Guillard
"August 29, 2009","Portland, Oregon, USA",317,http://www.fightmetric.com/event-details/c6a33ff198aaaeeb,UFC 102: Couture vs Nogueira
"August 08, 2009","Philadelphia, Pennsylvania, USA",318,http://www.fightmetric.com/event-details/48d1f690b763934c,UFC 101: Declaration
"July 11, 2009","Las Vegas, Nevada, USA",319,http://www.fightmetric.com/event-details/0ee783aa00e468f0,UFC 100
"June 20, 2009","Las Vegas, Nevada, USA",320,http://www.fightmetric.com/event-details/4908c5ee68a50ee5,The Ultimate Fighter: Team US vs Team UK Finale
"June 13, 2009","Cologne, North Rhine-Westphalia, Germany",321,http://www.fightmetric.com/event-details/cb6783c39c01d896,UFC 99: The Comeback
"May 23, 2009","Las Vegas, Nevada, USA",322,http://www.fightmetric.com/event-details/c4b6099f0d25f75e,UFC 98: Evans vs Machida
"April 18, 2009","Montreal, Quebec, Canada",323,http://www.fightmetric.com/event-details/1652f3213655b935,UFC 97: Redemption
"April 01, 2009","Nashville, Tennessee, USA",324,http://www.fightmetric.com/event-details/04d5718ed2661e8c,UFC Fight Night: Condit vs Kampmann
"March 07, 2009","Columbus, Ohio, USA",325,http://www.fightmetric.com/event-details/29b5791e51e7e832,UFC 96: Jackson vs Jardine
"February 21, 2009","London, England, United Kingdom",326,http://www.fightmetric.com/event-details/7d21de9c6d7c98b2,UFC 95: Sanchez vs Stevenson
"February 07, 2009","Tampa, Florida, USA",327,http://www.fightmetric.com/event-details/d1759b2b7be9be56,UFC Fight Night: Lauzon vs Stephens
"January 31, 2009","Las Vegas, Nevada, USA",328,http://www.fightmetric.com/event-details/2a542ee8a8b83559,UFC 94: St-Pierre vs Penn 2
"January 17, 2009","Dublin, Leinster, Ireland",329,http://www.fightmetric.com/event-details/68c6cd5287b473a7,UFC 93: Franklin vs Henderson
"December 27, 2008","Las Vegas, Nevada, USA",330,http://www.fightmetric.com/event-details/23ab42947c1990e3,UFC 92: The Ultimate 2008
"December 13, 2008","Las Vegas, Nevada, USA",331,http://www.fightmetric.com/event-details/ea398c802d9998ee,The Ultimate Fighter Finale: Team Nog vs Team Mir
"December 10, 2008","Fayetteville, North Carolina, USA",332,http://www.fightmetric.com/event-details/30cd319d39ee689b,UFC Fight Night - Fight for the Troops
"November 15, 2008","Las Vegas, Nevada, USA",333,http://www.fightmetric.com/event-details/a2b06ca02bca14c0,UFC 91: Couture vs Lesnar
"October 25, 2008","Rosemont, Illinois, USA",334,http://www.fightmetric.com/event-details/c670aa48827d6be6,UFC 90: Silva vs Cote
"October 18, 2008","Birmingham, England, United Kingdom",335,http://www.fightmetric.com/event-details/312f47c3d2f83ffa,UFC 89: Bisping vs Leben
"September 17, 2008","Omaha, Nebraska, USA",336,http://www.fightmetric.com/event-details/279093302a6f44b3,UFC Fight Night: Diaz vs Neer
"September 06, 2008","Atlanta, Georgia, USA",337,http://www.fightmetric.com/event-details/0db70ca89e1c7374,UFC 88: Breakthrough
"August 09, 2008","Minneapolis, Minnesota, USA",338,http://www.fightmetric.com/event-details/19ffeb5e3fffd6d5,UFC 87: Seek And Destroy
"July 19, 2008","Las Vegas, Nevada, USA",339,http://www.fightmetric.com/event-details/46f11d15c0134fe3,UFC: Silva vs Irvin
"July 05, 2008","Las Vegas, Nevada, USA",340,http://www.fightmetric.com/event-details/bf12aca029bfcc47,UFC 86: Jackson vs Griffin
"June 21, 2008","Las Vegas, Nevada, USA",341,http://www.fightmetric.com/event-details/2299605af59fd309,The Ultimate Fighter Finale: Team Rampage vs Team Forrest
"June 07, 2008","London, England, United Kingdom",342,http://www.fightmetric.com/event-details/2efbc83a6b9b7f86,UFC 85: Bedlam
"May 24, 2008","Las Vegas, Nevada, USA",343,http://www.fightmetric.com/event-details/2549d63da9c456cb,UFC 84: Ill Will
"April 19, 2008","Montreal, Quebec, Canada",344,http://www.fightmetric.com/event-details/ad047e3073a775f3,UFC 83: Serra vs St-Pierre 2
"April 02, 2008","Broomfield, Colorado, USA",345,http://www.fightmetric.com/event-details/b9e871af730f826c,UFC Fight Night: Florian vs Lauzon
"March 01, 2008","Columbus, Ohio, USA",346,http://www.fightmetric.com/event-details/598a58db87b890ee,UFC 82: Pride of a Champion
"February 02, 2008","Las Vegas, Nevada, USA",347,http://www.fightmetric.com/event-details/597db668b01c442c,UFC 81: Breaking Point
"January 23, 2008","Las Vegas, Nevada, USA",348,http://www.fightmetric.com/event-details/33e33d51f289d2a1,UFC Fight Night: Swick vs Burkman
"January 19, 2008","Newcastle, England, United Kingdom",349,http://www.fightmetric.com/event-details/a24e080000fa7a35,UFC 80: Rapid Fire
"December 29, 2007","Las Vegas, Nevada, USA",350,http://www.fightmetric.com/event-details/7269329bd87eb479,UFC 79: Nemesis
"December 08, 2007","Las Vegas, Nevada, USA",351,http://www.fightmetric.com/event-details/df85d6ec3493d120,The Ultimate Fighter: Team Serra vs Team Hughes Finale
"November 17, 2007","Newark, New Jersey, USA",352,http://www.fightmetric.com/event-details/1d147d4163a6989b,UFC 78: Validation
"October 20, 2007","Cincinnati, Ohio, USA",353,http://www.fightmetric.com/event-details/91181b29be041f1c,UFC 77: Hostile Territory
"September 22, 2007","Anaheim, California, USA",354,http://www.fightmetric.com/event-details/bad28b7b34f334de,UFC 76: Knockout
"September 19, 2007","Las Vegas, Nevada, USA",355,http://www.fightmetric.com/event-details/f341f9551ba744e2,UFC Fight Night: Thomas vs Florian
"September 08, 2007","London, England, United Kingdom",356,http://www.fightmetric.com/event-details/0aa92558424ced9e,UFC 75: Champion vs Champion
"August 25, 2007","Las Vegas, Nevada, USA",357,http://www.fightmetric.com/event-details/a5c53b3ddb31cc7d,UFC 74: Respect
"July 07, 2007","Sacramento, California, USA",358,http://www.fightmetric.com/event-details/2a6f8136da1e52c0,UFC 73: Stacked
"June 23, 2007","Las Vegas, Nevada, USA",359,http://www.fightmetric.com/event-details/e7ec11096eac0282,The Ultimate Fighter 5 Finale
"June 16, 2007","Belfast, Northern Ireland, United Kingdom",360,http://www.fightmetric.com/event-details/5ca158b1cc9cb242,UFC 72: Victory
"June 12, 2007","Hollywood, Florida, USA",361,http://www.fightmetric.com/event-details/304fcd812f12c589,UFC Fight Night: Stout vs Fisher
"May 26, 2007","Las Vegas, Nevada, USA",362,http://www.fightmetric.com/event-details/2e04a3b4a2011b97,UFC 71: Liddell vs Jackson
"April 21, 2007","Manchester, England, United Kingdom",363,http://www.fightmetric.com/event-details/4604ab1de9058474,UFC 70: Nations Collide
"April 07, 2007","Houston, Texas, USA",364,http://www.fightmetric.com/event-details/c1684f00c626f4c0,UFC 69: Shootout
"April 05, 2007","Las Vegas, Nevada, USA",365,http://www.fightmetric.com/event-details/a6c2f5381d575920,UFC Fight Night: Stevenson vs Guillard
"March 03, 2007","Columbus, Ohio, USA",366,http://www.fightmetric.com/event-details/de3ed2e152520c8d,UFC 68: The Uprising
"February 03, 2007","Las Vegas, Nevada, USA",367,http://www.fightmetric.com/event-details/63b65af1c5cb02cb,UFC 67: All or Nothing
"January 25, 2007","Hollywood, Florida, USA",368,http://www.fightmetric.com/event-details/13c4313ed0f744f3,UFC Fight Night: Evans vs Salmon
"December 30, 2006","Las Vegas, Nevada, USA",369,http://www.fightmetric.com/event-details/ee5df903f80c6816,UFC 66: Liddell vs Ortiz 2
"December 13, 2006","San Diego, California, USA",370,http://www.fightmetric.com/event-details/21b8a0f5c231096f,UFC Fight Night: Sanchez vs Riggs
"November 18, 2006","Sacramento, California, USA",371,http://www.fightmetric.com/event-details/3fed746acfd026dd,UFC 65: Bad Intentions
"November 11, 2006","Las Vegas, Nevada, USA",372,http://www.fightmetric.com/event-details/baf942f4bcb09894,The Ultimate Fighter 4 Finale
"October 14, 2006","Las Vegas, Nevada, USA",373,http://www.fightmetric.com/event-details/13b2f59210dda9cc,UFC 64: Unstoppable
"October 10, 2006","Hollywood, Florida, USA",374,http://www.fightmetric.com/event-details/577ec7e108b94be3,Ortiz vs Shamrock 3: The Final Chapter
"September 23, 2006","Anaheim, California, USA",375,http://www.fightmetric.com/event-details/13e62d766b709aa6,UFC 63: Hughes vs Penn
"August 26, 2006","Las Vegas, Nevada, USA",376,http://www.fightmetric.com/event-details/f717b6002486f73f,UFC 62: Liddell vs Sobral
"August 17, 2006","Las Vegas, Nevada, USA",377,http://www.fightmetric.com/event-details/46c8ec317aff28ac,UFC Fight Night 6
"July 08, 2006","Las Vegas, Nevada, USA",378,http://www.fightmetric.com/event-details/f70144caea5c4c80,UFC 61: Bitter Rivals
"June 28, 2006","Las Vegas, Nevada, USA",379,http://www.fightmetric.com/event-details/445a98acb8985970,UFC Fight Night 5
"June 24, 2006","Las Vegas, Nevada, USA",380,http://www.fightmetric.com/event-details/1dab0d1d81dd06db,The Ultimate Fighter 3 Finale
"May 27, 2006","Los Angeles, California, USA",381,http://www.fightmetric.com/event-details/a54a35a670d8e852,UFC 60: Hughes vs Gracie
"April 15, 2006","Anaheim, California, USA",382,http://www.fightmetric.com/event-details/03688dc3c3af3ac1,UFC 59: Reality Check
"April 06, 2006","Las Vegas, Nevada, USA",383,http://www.fightmetric.com/event-details/b361180739bed4b0,UFC Fight Night 4
"March 04, 2006","Las Vegas, Nevada, USA",384,http://www.fightmetric.com/event-details/0e9869d712e81f8f,UFC 58: USA vs Canada
"February 04, 2006","Las Vegas, Nevada, USA",385,http://www.fightmetric.com/event-details/977081bc01197656,UFC 57: Liddell vs Couture 3
"January 16, 2006","Las Vegas, Nevada, USA",386,http://www.fightmetric.com/event-details/2ee09ec2a0695eb9,UFC Fight Night 3
"November 19, 2005","Las Vegas, Nevada, USA",387,http://www.fightmetric.com/event-details/c7e9d15cfce52f1d,UFC 56: Full Force
"November 05, 2005","Las Vegas, Nevada, USA",388,http://www.fightmetric.com/event-details/31ceaf0e670c1578,The Ultimate Fighter 2 Finale
"October 07, 2005","Uncasville, Connecticut, USA",389,http://www.fightmetric.com/event-details/271fe91f4ba9d2c5,UFC 55: Fury
"October 03, 2005","Las Vegas, Nevada, USA",390,http://www.fightmetric.com/event-details/efaf544314bb5c2e,UFC Fight Night 2
"August 20, 2005","Las Vegas, Nevada, USA",391,http://www.fightmetric.com/event-details/669a3cb6e394f515,UFC 54: Boiling Point
"August 06, 2005","Las Vegas, Nevada, USA",392,http://www.fightmetric.com/event-details/3f24c96753dbd9f9,UFC Fight Night 1
"June 04, 2005","Atlantic City, New Jersey, USA",393,http://www.fightmetric.com/event-details/d3711d3784b76255,UFC 53: Heavy Hitters
"April 16, 2005","Las Vegas, Nevada, USA",394,http://www.fightmetric.com/event-details/c933d423ebdbbbdb,UFC 52: Couture vs Liddell 2
"April 09, 2005","Las Vegas, Nevada, USA",395,http://www.fightmetric.com/event-details/fbbde91f7bc2d3c5,The Ultimate Fighter 1 Finale
"February 05, 2005","Las Vegas, Nevada, USA",396,http://www.fightmetric.com/event-details/85d905f7c4f5a1af,UFC 51: Super Saturday
"October 22, 2004","Atlantic City, New Jersey, USA",397,http://www.fightmetric.com/event-details/ce783bf73b5131f9,UFC 50: The War Of '04
"August 21, 2004","Las Vegas, Nevada, USA",398,http://www.fightmetric.com/event-details/b4bc2e3353a770b5,UFC 49: Unfinished Business
"June 19, 2004","Las Vegas, Nevada, USA",399,http://www.fightmetric.com/event-details/429e7d3725852ce9,UFC 48: Payback
"April 02, 2004","Las Vegas, Nevada, USA",400,http://www.fightmetric.com/event-details/e8fb8e53bc2e29d6,UFC 47: It's On!
"January 31, 2004","Las Vegas, Nevada, USA",401,http://www.fightmetric.com/event-details/94609dd91731d428,UFC 46: Supernatural
"November 21, 2003","Uncasville, Connecticut, USA",402,http://www.fightmetric.com/event-details/e670f8cc2969a789,UFC 45: Revolution
"September 26, 2003","Las Vegas, Nevada, USA",403,http://www.fightmetric.com/event-details/c61f66d8c3fd5f07,UFC 44: Undisputed
"June 06, 2003","Las Vegas, Nevada, USA",404,http://www.fightmetric.com/event-details/108afe61a26bcbf4,UFC 43: Meltdown
"April 25, 2003","Miami, Florida, USA",405,http://www.fightmetric.com/event-details/ae58685caf8e4a0d,UFC 42: Sudden Impact
"February 28, 2003","Atlantic City, New Jersey, USA",406,http://www.fightmetric.com/event-details/bba678d312590087,UFC 41: Onslaught
"November 22, 2002","Las Vegas, Nevada, USA",407,http://www.fightmetric.com/event-details/e06fd1260ac865a7,UFC 40: Vendetta
"September 27, 2002","Uncasville, Connecticut, USA",408,http://www.fightmetric.com/event-details/0cf935519d439ba6,UFC 39: The Warriors Return
"July 13, 2002","London, England, United Kingdom",409,http://www.fightmetric.com/event-details/1dc56b59cb28425d,UFC 38: Brawl at the Hall
"June 22, 2002","Las Vegas, Nevada, USA",410,http://www.fightmetric.com/event-details/9ccdd2ce45903f34,UFC 37.5: As Real As It Gets
"May 10, 2002","Bossier City, Louisiana, USA",411,http://www.fightmetric.com/event-details/9fd1f08dd4aec14a,UFC 37: High Impact
"March 22, 2002","Las Vegas, Nevada, USA",412,http://www.fightmetric.com/event-details/02fc8f50f56eb307,UFC 36: Worlds Collide
"January 11, 2002","Uncasville, Connecticut, USA",413,http://www.fightmetric.com/event-details/946f341df6472ee0,UFC 35: Throwdown
"November 02, 2001","Las Vegas, Nevada, USA",414,http://www.fightmetric.com/event-details/4dc496aa0cfc0d95,UFC 34: High Voltage
"September 28, 2001","Las Vegas, Nevada, USA",415,http://www.fightmetric.com/event-details/c75b99887c8c3f5a,UFC 33: Victory in Vegas
"June 29, 2001","East Rutherford, New Jersey, USA",416,http://www.fightmetric.com/event-details/7b9aa973e5c04624,UFC 32: Showdown in the Meadowlands
"May 04, 2001","Atlantic City, New Jersey, USA",417,http://www.fightmetric.com/event-details/20bd6c3e03c46ee6,UFC 31: Locked and Loaded
"February 23, 2001","Atlantic City, New Jersey, USA",418,http://www.fightmetric.com/event-details/2b1587a3376ab743,UFC 30: Battle on the Boardwalk
"December 16, 2000","Tokyo, Japan",419,http://www.fightmetric.com/event-details/08ae5cd9aef7ddd3,UFC 29: Defense of the Belts
"November 17, 2000","Atlantic City, New Jersey, USA",420,http://www.fightmetric.com/event-details/da6dfd09cca1d705,UFC 28: High Stakes
"September 22, 2000","New Orleans, Louisiana, USA",421,http://www.fightmetric.com/event-details/31652c9267606d54,UFC 27: Ultimate Bad Boyz
"June 09, 2000","Cedar Rapids, Iowa, USA",422,http://www.fightmetric.com/event-details/cedfdf8d423d500c,UFC 26: Ultimate Field Of Dreams
"April 14, 2000","Tokyo, Japan",423,http://www.fightmetric.com/event-details/d2b1c1317a39f6c6,UFC 25: Ultimate Japan 3
"March 10, 2000","Lake Charles, Louisiana, USA",424,http://www.fightmetric.com/event-details/20ec0061400178ca,UFC 24: First Defense
"November 19, 1999","Chiba, Japan",425,http://www.fightmetric.com/event-details/a8fa0c4e95512806,UFC 23: Ultimate Japan 2
"September 24, 1999","Lake Charles, Louisiana, USA",426,http://www.fightmetric.com/event-details/afaad7d6a581e307,UFC 22: Only One Can be Champion
"July 16, 1999","Cedar Rapids, Iowa, USA",427,http://www.fightmetric.com/event-details/1a1a4d7a29041d77,UFC 21: Return of the Champions
"May 07, 1999","Birmingham, Alabama, USA",428,http://www.fightmetric.com/event-details/a7b48e18ca27795d,UFC 20: Battle for the Gold
"March 05, 1999","Bay St. Louis, Mississippi, USA",429,http://www.fightmetric.com/event-details/a220be6d41d6f97d,UFC 19: Ultimate Young Guns
"January 08, 1999","New Orleans, Louisiana, USA",430,http://www.fightmetric.com/event-details/c9bbf1a0285a8076,UFC 18: The Road to the Heavyweight Title
"October 16, 1998","Sao Paulo, Brazil",431,http://www.fightmetric.com/event-details/32a3025d5db456ae,UFC - Ultimate Brazil
"May 15, 1998","Mobile, Alabama, USA",432,http://www.fightmetric.com/event-details/4a01dc8376736ef5,UFC 17: Redemption
"March 13, 1998","New Orleans, Louisiana, USA",433,http://www.fightmetric.com/event-details/749685d24e2cac50,UFC 16: Battle in the Bayou
"December 21, 1997","Yokohama, Kanagawa, Japan",434,http://www.fightmetric.com/event-details/29f935654825331b,UFC - Ultimate Japan
"October 17, 1997","Bay St. Louis, Mississippi, USA",435,http://www.fightmetric.com/event-details/07a18ae55dfc3cd9,UFC 15: Collision Course
"July 27, 1997","Birmingham, Alabama, USA",436,http://www.fightmetric.com/event-details/dc950d59dc590aca,UFC 14: Showdown
"May 30, 1997","Augusta, Georgia, USA",437,http://www.fightmetric.com/event-details/5bd533d50c8e7b8a,UFC 13: The Ultimate Force
"February 07, 1997","Dothan, Alabama, USA",438,http://www.fightmetric.com/event-details/96eff1a628adcc7f,UFC 12: Judgement Day
"December 07, 1996","Birmingham, Alabama, USA",439,http://www.fightmetric.com/event-details/9b5b5a75523728f3,UFC - Ultimate Ultimate '96
"September 20, 1996","Augusta, Georgia, USA",440,http://www.fightmetric.com/event-details/6ceff86fae4f6b3b,UFC 11: The Proving Ground
"July 12, 1996","Birmingham, Alabama, USA",441,http://www.fightmetric.com/event-details/aee8eecfc4bfb1e7,UFC 10: The Tournament
"May 17, 1996","Detroit, Michigan, USA",442,http://www.fightmetric.com/event-details/a390eb8a9b2df298,UFC 9: Motor City Madness
"February 16, 1996","San Juan, Puerto Rico",443,http://www.fightmetric.com/event-details/b63e800c18e011b5,UFC 8: David vs Goliath
"December 16, 1995","Denver, Colorado, USA",444,http://www.fightmetric.com/event-details/31bbd46d57dfbcb7,UFC - Ultimate Ultimate '95
"September 08, 1995","Buffalo, New York, USA",445,http://www.fightmetric.com/event-details/5af480a3b2e1726b,UFC 7: The Brawl in Buffalo
"July 14, 1995","Casper, Wyoming, USA",446,http://www.fightmetric.com/event-details/1c3f5e85b59ec710,UFC 6: Clash of the Titans
"April 07, 1995","Charlotte, North Carolina, USA",447,http://www.fightmetric.com/event-details/dedc3bb440d09554,UFC 5: The Return of the Beast
"December 16, 1994","Tulsa, Oklahoma, USA",448,http://www.fightmetric.com/event-details/b60391da771deefe,UFC 4: Revenge of the Warriors
"September 09, 1994","Charlotte, North Carolina, USA",449,http://www.fightmetric.com/event-details/1a49e0670dfaca31,UFC 3: The American Dream
"March 11, 1994","Denver, Colorado, USA",450,http://www.fightmetric.com/event-details/a6a9ab5a824e8f66,UFC 2: No Way Out
"November 12, 1993","Denver, Colorado, USA",451,http://www.fightmetric.com/event-details/6420efac0578988b,UFC 1: The Beginning
